{
    "TABLE_vrf": {
        "ROW_vrf": [
            {
                "vrf_name": "BLUE", 
                "vrf_id": "3", 
                "vrf_state": "Up", 
                "vrf_reason": "--"
            }, 
            {
                "vrf_name": "GREEN", 
                "vrf_id": "4", 
                "vrf_state": "Up", 
                "vrf_reason": "--"
            }, 
            {
                "vrf_name": "GREY", 
                "vrf_id": "5", 
                "vrf_state": "Up", 
                "vrf_reason": "--"
            }, 
            {
                "vrf_name": "ORANGE", 
                "vrf_id": "6", 
                "vrf_state": "Up", 
                "vrf_reason": "--"
            }, 
            {
                "vrf_name": "PURPLE", 
                "vrf_id": "7", 
                "vrf_state": "Up", 
                "vrf_reason": "--"
            }, 
            {
                "vrf_name": "RED", 
                "vrf_id": "8", 
                "vrf_state": "Up", 
                "vrf_reason": "--"
            }, 
            {
                "vrf_name": "default", 
                "vrf_id": "1", 
                "vrf_state": "Up", 
                "vrf_reason": "--"
            }, 
            {
                "vrf_name": "management", 
                "vrf_id": "2", 
                "vrf_state": "Up", 
                "vrf_reason": "--"
            }
        ]
    }
}